query_id,rank,doc_id,A1_label,A2_label,query_text,headline,news_text_or_snippet
U001,5,31389,C,D,آج قومی اسمبلی کا اجلاس ہے کیا,ارکان اسمبلی قومی ٹیم کی ناقص کارکردگی پر برہم,اسلام باد وفاقی وزیر اور قومی اسمبلی کی کے رکن ریاض حسین پیرازادہ نے کمیٹی کے اجلاس میں انگلینڈ میں موجود قومی ٹیم کی ناقص بیٹنگ کارکردگی کو شدید تنقید کا نشانہ بنانے کے ساتھ ساتھ سرکاری اسپورٹس ٹی وی پر بھی ناراضی کا اظہار کیارکن قومی اسمبلی عبدالقاہر خان کی زیر صدارت قومی اسمبلی کی اسٹینڈنگ کمیٹی برائے بین الصوبائی رابطہ کمیٹی کے اجلاس کے دوران ریاض پیرزادہ نے قومی ٹیم کی انگلینڈ کے خلاف جاری ایک روزہ سیریز میں ناقص بیٹنگ کارکردگی کو تنقید کا نشانہ بناتے ہوئے کہا کہ اگر صفر پر ہی ہونا ہے تو م…
U002,2,86468,D,C,aaj pakistan ka cricket match kis se hai,اسپاٹ فکسنگ ٹریبونل میرا کیس بھی سنے دانش کنیریا,اسپاٹ فکسنگ کیس میں تاحیات پابندی کا سامنا کر نے والے لیگ اسپنر دانش کنیریا نے وزیر اعظم نواز شریف سے اپیل کی ہے کہ خالد لطیف اور شرجیل خان کے لیے بنائے گیا ٹریبونل میرا بھی کیس سنے پاکستان کرکٹ بورڈ کے اسپاٹ فکسنگ ٹریبونل میں میرا کیس ری اوپن کیا جائے میرے خلاف جو بھی ثبوت ہیں سامنے لایا جائیں بدھ کو کراچی میں میڈیا سے بات چیت کرتے ہوئے انہوں نے کہا کہ انگلش کرکٹ بورڈ نے میرے خلاف جانبدارانہ فیصلہ کیا جس میں انصاف کے تقاضے پورے نہیں کئے گئے میں پاکستانی کھلاڑی ہوں پی سی بی میرا موقف بھی سنے اس…
U002,5,56320,D,C,aaj pakistan ka cricket match kis se hai,اسپاٹ فکسنگ کیس پی سی بی انٹی کرپشن ٹریبونل کل باقاعدہ سماعت کریگا,پاکستان کرکٹ بورڈ کے انٹی کرپشن ٹریبونل اسپاٹ فکسنگ کیس کی سماعت کل کرے گا اسپاٹ فکسنگ کیس میں معطل شرجیل خان اور خالد لطیف کے خلاف پی سی بی ٹھوس شواہد اور ثبوت پیش کرے گا پاکستان سپر لیگ اسپاٹ فکسنگ کیس میں اینٹی کرپشن ٹربیونل کل باقاعدہ سماعت شروع کرے گا سماعت کے پہلے روز شرجیل خان اپنے وکلا کے ہمراہ پیش ہوں گے جبکہ پاکستان کرکٹ بورڈ معطل کرکٹر کا کٹھا چٹھا کھولے گا ذرائع کے مطابق پی سی بی اینٹی کرپشن ٹربیونل کو بکیز اور کھلاڑیوں کے درمیان ای میل اور ساتھ کھانا کھانے کی فوٹیجز اور میچ فکسنگ ک…
U003,1,71642,A,B,موجودہ وزیراعظم پاکستان کون ہیں,وفاقی کابینہ نے پی ئی اے کے تنظیم نو منصوبے کی منظوری دے دی,اسلام اباد وزیراعظم شاہد خاقان عباسی کی سربراہی میں ہونے والے وفاقی کابینہ کے اجلاس میں پاکستان انٹرنیشنل ایئرلائن پی ئی اے کے تنظیم نو منصوبے کی مںظوری دے دی گئیذرائع کا کہناہےکہ پی ئی اے کاخسارہ تیزی سے بڑھ رہا ہے جس کے بعد فیصلہ کیا گیا ہے کہ پی ئی اے کی مجوزہ نجکاری پلان کے تحت 49 فیصد حصص فروخت کے لئے پیش کئے جائیں گے جبکہ 51 فیصد حصص حکومت کے پاس رہیں گےپی ئی اے فروخت کرنےکا منصوبہ اگلے ہفتےکابینہ کمیٹی میں پیش کیےجانےکا امکان ہے دانیال عزیزوفاقی کابینہ نے کھلے سگریٹ کی فروخت پر بھی پابند…
U003,2,111770,A,D,موجودہ وزیراعظم پاکستان کون ہیں,سوزوکی موٹرز پاکستان میں 45 کروڑ ڈالر کی سرمایہ کاری کریگی اسد عمر,غیر ملکی سرمایہ کاری کے تناظر میں کا دن انتہائی زبردست رہا اسد عمر فوٹو فائل اسلام بادسوزوکی موٹرز نے پاکستان میں 45 کروڑ ڈالر کی سرمایہ کاری کا فیصلہ کیا ہے جب کہ کوکا کولا کمپنی ملک میں 20 کروڑ ڈالر کی سرمایہ کاری کرے گی سرکاری خبر رساں ادارے کے مطابق وزیراعظم عمران خان سے سوزوی موٹرز ارپوریشن ایک وفد نے منگل وزیراعظم سیرٹریٹ میں ملاقات وزیراعظم سے ملاقات رنے والے وفد میں سوزوی گلوبل چیئرمین اوسیمو سوزوی جی ساتو ماسافومی ہرانوں شی جیوتا یزاوا یوسوی اٹو اور شفیق اے شیخ شامل تھےجب کہپاستان میں …
U003,3,111148,A,B,موجودہ وزیراعظم پاکستان کون ہیں,عالمی بینک کا حکومت کی معاشی پالیسیوں پر اعتماد کا اظہار,مختلف منصوبوں میں پاکستان کے ساتھ مل کر کام کرنا چاہتے ہیں وفد عالمی بینک اسلام بادعالمی بینک نے حکومت پاکستان کی موجودہ معاشی پالیسیوں پر اعتماد کا اظہار کیا ہے ایکسپریس نیوزکے مطابق وزیراعظم عمران خان سے عالمی بینک کے اعلی سطحی وفد نے ملاقات کی جس میں امریکا میں ورلڈ بینک کے نمائندے اور پاکستانی ٹیم کے سربراہ سمیت دیگر حکام بھی شریک تھے ذرائع کے مطابق عالمی بینک کے وفد نے حکومت پاکستان کی موجودہ معاشی پالیسیوں پر اعتماد کا اظہار کیا اور وزیراعظم کو ملک میں جاری منصوبوں میں مالی معاونت کی یقین…
U003,5,64070,B,C,موجودہ وزیراعظم پاکستان کون ہیں,کاروباری طبقہ ہی تو مہنگائی کررہا ہے عبدالرزاق داد,کراچی 11 جنوری 2020 وزیراعظم عمران خان کے مشیر برائے صنعت تجارت عبدالرزاق داد نے کہا ہے کہ مہنگائی بڑا مسئلہ ہے مگریہ کرتا کون ہے کاروباری طبقہ ہی تو مہنگائی کررہا ہے کراچی میں تقریب سے خطاب میں عبدالرزاق داد کا کہنا تھا کہ پاکستانیوں کا عالمی وژن نہیں ہے لوگ کہتے ہیں سے فیصد ایکسپورٹ بڑھاکرپ نے کون سا تیر مار لیا ٹیکسٹائل 27 فیصد بڑھی ویلیو ایڈیشن بڑھی ہے مارکیٹ کی صورتحال بہتر ہوئی ہے اور پیداوار میں بھی اضافہ ہوا ہے انہوں نے کہا کہ پاکستان اسمال اینڈ میڈیم انٹرپرائزز ایس ایم ایز کے لیے ایف ب…
U004,2,71216,D,C,mojooda dollar rate pakistan mein kya hai,سعودی عرب نے مزید ایک ارب ڈالر پاکستان کو منتقل کردیے اسٹیٹ بینک,اسلام اباد سعودی عرب نے معاشی پیکج کے تحت پاکستان کو مزید ایک ارب ڈالر منتقل کردیےگزشتہ برس وزیراعظم عمران خان نے سعودی عرب کا دورہ کیا تھا جس میں سعودی عرب کی جانب سے پاکستان کے لیے 12 ارب کے معاشی پیکج کا اعلان کیا گیا تھا اور پیکج کے تحت ارب ڈالر پاکستان کے اکانٹ میں منتقل کیے جانے تھےسعودی عرب کی جانب سے ارب ڈالر کی پہلی قسط 19نومبر اور دوسری قسط 14 دسمبر کو منتقل کی گئیترجمان اسٹیٹ بینک کے مطابق سعودی عرب نے ارب ڈالر کی تیسری قسط کی صورت میں مزید ایک ارب ڈالر پاکستان کو منتقل کردیے ہیں جس …
U004,3,65033,D,C,mojooda dollar rate pakistan mein kya hai,پاکستان کو مزید ایک ارب ڈالر موصول,ابوظہبی 12 مارچ 2019 متحدہ عرب امارت یو اے ای سے قرض کی دوسری قسط کے ایک ارب ڈالر پاکستان کو موصول ہوگئے متحدہ عرب امارات کی جانب سے پاکستان کو ارب ڈالر فراہم کیے جانے ہیں جن میں سے دو ارب ڈالر موصول ہوچکے ہیں جبکہ مزید ایک ارب ڈالر ئندہ ماہ ملنے کا امکان ہے اس کے علاوہ چین سے بھی دو ارب ڈالر اگلے ہفتے ملنے کی توقع ہے یو اے ای سے ایک ارب ڈالر ملنے کے بعد پاکستان کے زر مبادلہ کے ذخائر 15 ارب 96 کروڑ ڈالر ہو گئے ہیں وزارت خزانہ کے مشیر ڈاکٹر خاقان نجیب نے متحدہ عرب امارات سے ایک ارب ڈالر وصول ہون…
U004,4,110135,D,C,mojooda dollar rate pakistan mein kya hai,پاکستان کو ایشیائی ترقیاتی بینک سے 50 کروڑ ڈالر قرض مل گیا,ایک ہفتے میں مرکزی بینک کے ذخائر میں 53 کروڑ 50 لاکھ ڈالر اضافہ ہوا فوٹو فائل کراچیپاکستان کو ایشیائی ترقیاتی بینک سے 50 کروڑ ڈالر کا قرض مل گیا ہے جس کے بعد ملکی زرمبادلہ کے مجموعی ذخائر کی مالیت 15 ارب 57 کروڑ 75 لاکھ ڈالر تک پہنچ گئی اسٹیٹ بینک کی جانب سے جاری بیان کے مطابق پاکستان کو ایشیائی ترقیاتی بینک سے 50 کروڑ ڈالر موصول ہوگئے اگست کو ہفتے کے اختتام پر زرمبادلہ کے سرکاری زخائر میں 53 کروڑ ڈالر کا اضافہ ریکارڈ کیا گیا جس کے بعد ملکی زرمبادلہ کے مجموعی ذخائر کی مالیت 15 ارب 57 کروڑ 75 لا…
U004,5,73488,D,C,mojooda dollar rate pakistan mein kya hai,رواں ماہ پاکستان کے زرمبادلہ کے ذخائر 22ارب ڈالر ہوجائینگے,جون کے اخر تک پاکستان کے غیر ملکی زرمبادلہ کے ذخائر22ارب ڈالر سے زیادہ ہو جائیں گے جو پاکستان کی تاریخ میں بلند ترین سطح ہےاسٹیٹ بنک کی طرف سے جاری کردہ اعدا شمار کے مطابق گذشتہ ماہ کے اخر تک زرمبادلہ کے ذخائر21ارب 60کروڑ ڈالر تھے پاکستان اور ائی ایم کے درمیان دسویں جائزے کے مذاکرات میں پاکستان کو 51کروڑ 10لاکھ ڈالر کی قرضہ فراہم کرنے کی سفارش کی گئی ہے جو 27جون کو جاری کر دیاجائے گیااس منتقلی کے بعد اسٹیٹ بنک کےپاس زرمبالہ کے ذخائر 17ارب 31کروڑ ڈالرہو جائیں گے جبکہ دوسرے کمرشل بنکو کے پاس زرمب…
U007,2,63248,B,A,کراچی میں رات بجلی کٹے گی,کراچی غیراعلانیہ لوڈشیڈنگ نے شہریوں کی زندگی عذاب بنادی,کراچی 16 ستمبر 2020 کے الیکٹرک کی جانب سے عدالتی احکامات ہوا میں اڑا دیئے گئے شہر کے مختلف علاقوں میں 10 سے 12 گھنٹے بجلی کی معطلی معمول بن چکی ہےکراچی میں بجلی کی غیر اعلانیہ لوڈشیڈنگ نے شہریوں کی زندگی اجیرن کردی ہےگرمی اور حبس کے مارے شہری بغیر بجلی کے بے حال کے الیکٹرک نے عدالتی احکامات ہوا میں اڑا دیئے رات گئے شہر کے مختلف علاقے تاریکی میں ڈوبے رہے کراچی میں کے الیکٹرک کو گیس کی فراہمی میں کمی کے بعد شہر میں لوڈشیڈنگ کا دورانیہ بڑھ گیا لوڈشیڈنگ سے مستثنی علاقوں میں بھی مرمت کے نام پر 2سے 3…
U009,1,28580,C,B,عالمی کپ کرکٹ شیڈول پاکستان,بھارتی ہٹ دھرمی کے سبب بلائنڈ عالمی کپ کا شیڈول تبدیل,اسلام باد پاکستان بلائنڈ کرکٹ کونسلپی بی سی سی نے پانچویں عالمی بلائنڈ کرکٹ کپ کیلئے بھارتی وزارت خارجہ کی طرف سے اپنی بلائنڈ کرکٹ ٹیم کو دورہ پاکستان کی کلیئرنس نہ دینے پر ورلڈ کپ کے شیڈول میں تبدیلی کر دی ہےبدھ کو پاکستان بلائنڈ کرکٹ کونسل کی جانب سے جاری کردہ پریس ریلیز کے مطابق بھارتی ٹیم نے شیڈول کے مطابق 6جنوری کو پاکستان کے دورہ پر نا تھا جس کیلئے پنجاب حکومت نے تمام ٹیموں کیلئے فول پروف سیکیورٹی کا انتظام بھی کیا تھا تاہم بھارتی حکومت کی جانب سے اپنی کرکٹ ٹیم کو دورہ پاکستان کی کلیئرنس …
U009,2,92859,B,A,عالمی کپ کرکٹ شیڈول پاکستان,ورلڈ کپ سے قبل پاکستان نیوزی لینڈ کیخلاف ون ڈے سیریز کھیلے گا,کراچی رفیق مانگٹسٹریلیا اور نیوزی لینڈ میں منعقد ہونے والے عالمی کرکٹ کپ 2015سے قبل پاکستان نیوزی لینڈ سے تین ایک روزہ سیریز کھیلے گابھارتی میڈیا نے پاکستانی کرکٹ حکام کے حوالے سے لکھا ہے کہ ئندہ برس ئی سی سی ورلڈ کپ سے قبل پاکستان نیوزی لینڈ کے خلاف ایک مختصر ون سیریز کھیلے گا یہ سیریز تین میچز پر مشتمل ہوگی پاکستانی حکام کے مطابق نیوزی لینڈ کرکٹ بورڈ نے پاکستان کے ساتھ تین میچز کی سیریز کی تصدیق کردی ہے جو اوائل فروری 2015میں کھیلی جائے گیپی سی بی حکام کا کہنا ہے کہ ہم نے نیوزی لینڈ بورڈ سے د…
U015,1,74503,C,A,پاکستان میں مہنگائی کیوں بڑھ رہی ہے,اسلام ابادمیں مرغی 200 روپے فی کلو تک جاپہنچی,اسلام ابادرمضان المبارک میں ہونےوالی مہنگائی کم ہونے کی بجائے مسلسل بڑھ رہی ہے اوروفاقی دارالحکومت اسلام ابادمیں مرغی کےگوشت کی قیمتیں اسمان سےباتیں کرنےلگی ہیں سبزی اور دال اخر کب تک کھائیں شہری کہتے ہیں مٹن اور بیف پہلے ہی مہنگا تھا رہی سہی کسر مرغی کےگوشت نے نکال دی اسلام ابادمیں زندہ مرغی پورے دوسوروپے فی کلودستیاب ہے مہنگائی کےمارے شہریوں کاکہنا ہے کہ مرغی کی قیمت مسلسل بڑھ رہی ہے ان کی سمجھ سے باہر ہے وہ کریں توکریں کیا مرغی کاگوشت اخراس قدرمہنگا کیوں ہےحکومت کی جانب سے فیڈ اور میڈسن پر ٹ…
U015,3,353,B,A,پاکستان میں مہنگائی کیوں بڑھ رہی ہے,مسلسل ماہ کمی کے بعد جون میں مہنگائی بڑھ کر 86 فیصد ہوگئی,ملک میں جون کے دوران مہنگائی کی شرح بڑھ کر 86 فیصد کی سطح پر پہنچ گئی جو مئی کے دوران تیل کی قیمتوں میں تیزی سے کمی کے باعث 82 فیصد تک کم ہوگئی تھیاس کے علاوہ حکومت سالانہ بنیادوں پر اوسطا مہنگائی کا نظر ثانی شدہ ہدف بھی نہ حاصل کرسکی اور پاکستان میں سال بعد اوسط مہنگائی دو ہندسوں میں ریکارڈ کی گئیپاکستان ادارہ شماریات کی جانب سے جاری رپورٹ کے مطابق مالی سال 202019 میں اوسط مہنگائی 1074 فیصد رہییہ بھی پڑھیں مئی کے مہینے میں مہنگائی کی شرح کم ہو کر 82 فیصد ہوگئیاس سے قبل مالی سال 122011 میں اوسط…
U015,5,38609,B,A,پاکستان میں مہنگائی کیوں بڑھ رہی ہے,ایشیائی ترقیاتی بینک کی پاکستان میں مہنگائی کی شرح میں اضافے کی پیشگوئی,اسلام اباد 92 نیوز ایشیائی ترقیاتی بینک نے پاکستان میں مہنگائی کی شرح میں اضافے کی پیشگوئی کر دی ایشیائی ترقیاتی بینک کے مطابق پاکستان میں مہنگائی کی شرح دس فیصد ہے جو بڑھ سکتی ہے ایشیا میں بھی مہنگائی کی شرح 28 فیصد سے بڑھ کر 31 فیصد ہو جائے گی ایشیائی ترقیاتی بینک کے مطابق رواں مالی سال جی ڈی پی گروتھ 73 فیصد سے کم ہے جو کہ ئندہ مالی سال بڑھ سکتی ہے بھارت کی عمومی گروتھ 2019 میں 65 فیصد اور 2020 میں 72 فیصد رہے گیا علاقے کی عمومی گروتھ 54 فیصد سے کم ہو کر 52 فیصد ہو جائے گی ایشیائی ترقیاتی بی…
U017,1,33132,B,A,پاکستان کی کرکٹ ٹیم عالمی مقابلوں میں بار بار خراب کارکردگی کیوں دکھاتی ہے,انگلینڈ سے شکست نکھیں کھولنے کیلئے کافی ہے,شارجہ قومی ٹیم کے ہیڈ کوچ وقار یونس نے انگلینڈ کے خلاف ٹی ٹوئنٹی سیریز میں قومی ٹیم کی کارکردگی غیرمعیاری اور خراب قرار دیتے ہوئے کہا ہے کہ شکستوں نے نکھیں کھولنے کیلئے کافی ہےانگلینڈ نے ایک روزہ میچوں کی سیریز میں کامیابی کے بعد ٹی ٹوئنٹی سیریز میں عالمی نمبر دو پاکستان کو 30 سے وائٹ واش کر کے سیریز اپنے نام کرنے کے ساتھ ساتھ پاکستان کو عالمی درجہ بندی میں چھٹے نمبرپر دھکیل دیاقومی ٹیم کی کارکردگی پر نالاں وقار یونس نے کہا کہ ورلڈ ٹی ٹوئنٹی سے چار ماہ قبل یہ شکستیں ہماری نکھیں کھولنے کیلئے کاف…
U017,2,81852,C,A,پاکستان کی کرکٹ ٹیم عالمی مقابلوں میں بار بار خراب کارکردگی کیوں دکھاتی ہے,پہلے میں نے خاموش رہنا بہتر سمجھا کیوں کہ ٹیم منتخب کی جاچکی تھی,وزیراعظم عمران خان کے معاون خصوصی برائے سیاسی امور نعیم الحق کے بعد وفاقی وزیر برائے بحری امور علی زیدی اسٹریلیا میں پاکستان کرکٹ ٹیم کی ناقص کارکردگی پر پھٹ پڑےایڈیلیڈ میں ہونے والے دوسرے ٹیسٹ میچ میں بھی پاکستان کو ایک اننگز اور 48 رنز سے شکست کا سامنا کرنا پڑا ہے پہلے ٹیسٹ میں اسٹریلیا نے پاکستان کو ایک اننگز اور رنز سے شکست دی تھیرمیز راجا نے پی سی بی کی مینیجمنٹ پر خوب تنقید کی جب کہ معین خان نے نعیم الحق کی کوچ کی برطرفی کے مطالبے کی حمایت کیسماجی رابطوں کی ویب سائٹ ٹوئٹر پر جاری بیان میں…
U017,4,87842,C,B,پاکستان کی کرکٹ ٹیم عالمی مقابلوں میں بار بار خراب کارکردگی کیوں دکھاتی ہے,بولنگ اچھی پرفارمنس دکھاتی ہے تو پاکستان میچ جیتتا ہے رمیز,رضوان محمود رمیز راجا کہتے ہیں جب بولنگ اچھی پرفارمنس دکھاتی ہے تو پاکستان میچ جیتتا ہے اج کی پرفارمنس کو بار بار دہرانے کی کوشش کرنی چاہیےسکندر بخت کہتے ہیں پاکستان نے بہت زبردست کم بیک کیاٹیم کے لیئے یہ فتح بہت ضروری تھی نئے لڑکوں کے رنز بنانے کی خوشی ہے پاکستان کی انگلینڈ کےخلاف واحد ٹی ٹوینٹی میں کامیابی پرسابق کپتان رمیز راجہ کاکہناتھاکہ انگلینڈ میں انگلینڈ کو اس طرح ہرانا بہت مشکل ہےٹیم کی پرفامرنس دیکھ کر لگتاہے کہ ون ڈے سیریز کی شکست سے بہت کچھ سیکھا رمیز راجہ نےکہاکہ اج پاکستان ٹیم نے …
U018,1,78637,C,A,pakistan mein har saal flood ke baad faslon ka nuqsan itna zyada kyun hota hai,سیلاب نے پر چینی برمد کی جگہ درمد کرنی پڑ سکتی ہے,اسلام باد حکومت نے چینی کے وافر ذخائر کی وجہ سے پہلے مرحلے میں دو لاکھ ٹن چینی برمد کرنے کا فیصلہ کیا ہے لیکن نیشنل ڈیزاسٹر مینجمنٹ اتھارٹی نے اس سال پھر سیلاب کی پیش گوئی کی ہے ایسے میں اگر گنے کی فصل خراب ہوگئی تو برمد کرنے والے ملک کو چینی درمد کرنے کے ہی لالے نہ پڑ جائیں حکومتی اعداد شمار کے مطابق پاکستان میں اس وقت چینی کے ذخائر 47 لاکھ ٹن کے قریب ہیں اور پاکستان میں ہر مہینے لاکھ ٹن چینی استعمال ہوتی ہے اس طرح ایک سال کی ضرورت کے علاوہ 11 لاکھ ٹن چینی اضافی ہے حکومت کے پاس لاکھ چینی کے ذخ…
U018,2,76744,C,A,pakistan mein har saal flood ke baad faslon ka nuqsan itna zyada kyun hota hai,پنجاب میں بارشیں اور سیلاب چاول کی 35 فیصد فصل تباہ,لاہورپنجاب میں بارشوں اور سیلاب سے لاکھ ایکڑ پر کاشت کی گئی باسمتی چاول کی 35 فیصد فصل تباہ ہوگئی باسمتی گروئرز ایسو سی ایشن کے مطابق پنجاب میں شدید بارشوں اور دریائے راوی اور چناب میں سیلاب نے چاول کی کاشت والے علاقوں گوجرانوالہ سیالکوٹنارووال اور شیخوپورہ میں باسمتی چاول کی فصل تباہ کردی ہے باسمتی چاول کی مجموعی فصل کا بیشتر ان متاثرہ علاقوں میں کاشت ہوتا ہے جسکے باعث لاکھ ایکڑ پر کاشت کی گئی باسمتی چاول کی 35 فیصد فصل تباہ ہوگئی ہے اس نقصان سے سب سے زیادمتاثرکاشتکار ہوئے ہیں جن کے نقصان کا ا…
U018,3,74465,C,A,pakistan mein har saal flood ke baad faslon ka nuqsan itna zyada kyun hota hai,سیلاب سے کھڑی فصلوں کو نقصان سبزی پھل کی قیمتوں میں اضافہ,لاہورملک میں سیلابی صورت حال سے ایک تو کھڑی فصلوں کو نقصان پہنچا اوپر سے منافع خور بھی سرگرم ہو گئے مون سون کی بارشوں اور سیلاب متاثرہ علاقوں میں زرعی زمینوں اور باغات کو بےحد نقصان پہنچا دیگر فصلوں کے ساتھ سبزیوں پھلوں کی پیداوار بھی متاثر ہوئیتاہم منافع خوروں نے جیبیں بھرنے کیلیے قیمتوں میں مرضی کے اضافےکر دئیے ایک تو قیمتیں زیادہ اوپر سےناقص معیار شہری پریشاناتوار بازاروں میں ٹما ٹر 60 روپے فی کلو جبکہ پیاز 35 سے 40 روپے کلو کھلم کھلا فروخت کیا جا رہا ہے مگر کوئی روکنےو الا نہیں سماجی حلقوں …
U018,4,24353,D,C,pakistan mein har saal flood ke baad faslon ka nuqsan itna zyada kyun hota hai,ہندوستان سیلاب سے متاثرہ علاقوں کیلئے گوگل ایپلیکیشن,اے ایف پی فائل فوٹولندن گوگل نے ہندوستان کی شمالی ریاست اتراکھنڈ میں سیلاب سے متاثرہ علاقوں میں لاپتہ افراد کے بارے میں معلومات فراہم کرنے کے لیے ایپلیکیشن جاری کردیمیڈیا رپورٹس کے مطابق پرسن فائنڈر یا افراد کی تلاش نامی ایپلیکیشن کی مدد سے جہاں لوگ اپنے دوستوں اور رشتہ داروں کی گمشدگی کی معلومات دے سکتے ہیں وہیں انھیں تلاش بھی کر سکتے ہیںگوگل مصنوعات کے سینئر مینیجر جینت میسور نے بتایا کہ اتراکھنڈ سیلاب سے بری طرح متاثر ہوا ہے اور چونکہ ریاست کے زیادہ ترعلاقوں تک رسائی انتہائی مشکل ہے اس لیے گ…
U019,1,22132,B,A,سوشل میڈیا کے غلط استعمال سے نوجوانوں کی ذہنی صحت پر کیا فرق پڑتا ہے,فیس بک کا ایک اور نقصان سامنے گیا,سماجی رابطے کی ویب سائٹ فیس بک اب لوگوں کے لیے خبروں کے بارے میں جاننے کا ذریعہ بن چکی ہیں خصوصا کسی المناک واقعہ جیسے دہشتگردی یا قدرتی فت وغیرہاگرہ یہ سوشل میڈیا پلیٹ فارم رئیل ٹائم میں کارمد معلومات فراہم کرتا ہے مگر اسے مسلسل استعمال کرنا ذہنی صحت کے لیے تباہ کن ثابت ہوتا ہےیہ دعوی ایک نئی تحقیق میں سامنے یا ہےمزید پڑھیں فیس بک کے دیوانے ہیںامریکا کی کیلیفورنیا یونیورسٹی کی تحقیق میں ثابت ہوا کہ جو لوگ کسی المناک واقعے سے متعلق جاننے کے لیے سوشل میڈیا سائٹس کو بہت زیادہ چیک کرتے ہیں انہیں ن…
U019,4,20599,B,A,سوشل میڈیا کے غلط استعمال سے نوجوانوں کی ذہنی صحت پر کیا فرق پڑتا ہے,سوشل میڈیا نیٹ ورکس کا نیا نقصان سامنے گیا,فیس بک انسٹاگرام یا ٹوئٹر تو لگتا ہے کہ کل ہر ایک ہی استعمال کرتا ہے مگر کیا کو معلوم ہے کہ سوشل میڈیا نیٹ ورکس چند امراض بھی ایک سے دوسرے میں پھیلا سکتے ہیں یہ دعوی سٹریلیا میں ہونے والی ایک طبی تحقیق میں سامنے یافلینڈرز یونیورسٹی کی تحقیق کے مطابق ڈپریشن اور دیگر ذہنی صحت کے مسائل سوشل میڈیا کے ذریعے ایک سے دوسرے بلکہ تیسرے فرد تک بھی پھیل سکتے ہیںتحقیق میں دریافت کیا گیا کہ سوشل میڈیا نیٹ ورکس کی وجہ سے لوگ سماجی سپورٹ سے محروم ہورہے ہیںاس تحقیق کے دوران ڈیڑھ سو افراد کا جائزہ لیا گیا اور دی…
U020,5,39674,D,C,mobile apps phone ki battery kyun jaldi khatam karti hain aur iska hall kya hai,کیو موبائل نے چین سے درامد گھٹیا موبائل پاکستانی صارفین کو تھمادیئے,کراچی92نیوزپاکستان کا شمار دنیا کے ان ممالک میں ہوتا ہے جہاں موبائل فونز کا استعمال سب سے زیادہ ہوتا ہے لیکن کیو موبائل نے پاکستانی صارفین کو چین سے گھٹیا موبائل درامد کرکے تھمادیئے تفصیلات کےمطابق پاکستان سب سے زیادہ موبائل فون استعمال کر نے والے ملکوں میں سے ایک ہے اسی بات کا فائدہ اٹھایا کیو مابائل نے اور چین سےدرمد شدہ گھٹیا کوالٹی کے موبائل عوام کے ہاتھ میں تھما دیئے ہزاروں روپے مالیت کے کیو موبائل میں شناخت کا ئی ایم ای ئی نمبر ہی نہیں جس کی وجہ سے ایک نمبر پر کئی موبائل فنکشنل ہیں جن کے …
U021,1,24276,C,B,پاکستان کی یونیورسٹیوں میں سائنس کی تحقیق دوسرے ممالک سے کیوں پیچھے رہ گئی ہے,وزارت سائنس ٹیکنالوجی جدید ٹیکنالوجیز کے مراکز قائم کرے گی,اسلام اباد وزارت برائے سائنس ٹیکنالوجی ایم او ایس ٹی نے کہا ہے کہ وہ ملک میں علم پر مبنی معیشت اور ترقی کیلئے پاکستان کے بڑے شہروں میں ٹیکنالوجی مراکز قائم کرے گی وزارت برائے سائنس ٹیکنالوجی کے افیشل ذرائع نے خبر رساں ایجنسی اے پی پی کو بتایا کہ منصوبے کے تحت نینو ٹیکنالوجی بایو ٹیکنالوجی اور فیول سیل ٹیکنالوجی کے مراکز قائم کئے جائیں گے جبکہ ان ٹیکنالوجیز کو فروغ دینے کیلئے ایک مرکز وزارت کے دفتر میں قائم کیا جائے گا انہوں نے کہا ہمیں سائنس ٹیکنالوجی کے شعبے میں صلاحیت بڑھانے کیپسٹی بلڈنگ کی ض…
U021,2,24401,C,B,پاکستان کی یونیورسٹیوں میں سائنس کی تحقیق دوسرے ممالک سے کیوں پیچھے رہ گئی ہے,پاکستانی یونیورسٹیوں میں انفارمیشن سینٹر کا قیام,پاسٹک ملک میں سائنس انفارمیشن سینٹر قائم کرے گا فائل تصویراسلام اباد پاکستان سائنس فانڈیشن پی ایس ایف کےذیلی ادارے پاکستان سائنس اینڈ ٹیکنالوجیکل انفارمیشن سینٹر پاسٹک کی جانب سے پاکستان کی 16 جامعات میں انفارمیشن سیل اور مراکز کھولے قائم کئے جائیں گےپاسٹک پاکستان میں سائنس اور ٹیکنالوجی کی معلومات خصوصا اکیڈمک فراہم کرنے والا ایک اہم ادارہ ہے یہ ادارہ مختلف یونیورسٹیوں میں انفارمیشن اسٹال بھی لگاتا رہتا ہے ہم مختلف جامعات میں لائبریری اور انفارمیشن اسٹاف کو اٹومیشن اور دیگر امور کی جدید ترین ت…
U021,3,19212,C,B,پاکستان کی یونیورسٹیوں میں سائنس کی تحقیق دوسرے ممالک سے کیوں پیچھے رہ گئی ہے,دنیا کے فیصد بہترین سائنسدانوں میں پاکستانی بھی شامل,امریکا کی معتبر اسٹینفورڈ یونیورسٹی نے حال ہی میں دنیا کے فیصد ممتاز سائنسدانوں کی فہرست جاری کی گئی1 لاکھ 59 ہزار 683 افراد کی اس فہرست میں پاکستانی سائنسدان بھی شامل ہیں جو پنجاب یونیورسٹی سے تعلق رکھتے ہیںاس فہرست میں شامل پاکستانی محققین نے پنجاب یونیورسٹی کے فیکلٹی منیجمنٹ سائنسز کے ڈین ڈاکٹر خالد محمود فیکلٹی سائن کے ڈین ڈاکٹر محمد شریف اور ریاضی ڈیپارٹمنٹ کے ڈاکٹر محمد اکرم شامل ہیںاس فہرست میں سائنس کے ہر شعبے کے سب سے زیادہ حوالہ دیئے جانے والے سائنسدانوں کو شامل کیا گیا اور اس کے لیے …
U022,2,20831,C,B,internet speed pakistan mein slow kyun rehti hai aur isko kaise behtar kiya ja sakta hai,سستے ترین موبائل انٹرنیٹ میں بھارت سرفہرست پاکستان کا 33واں نمبر,ایک نئی رپورٹ میں انکشاف ہوا ہے کہ بھارت دنیا میں سب سے سستا موبائل ڈیٹا پیکج فراہم کر رہا ہے جبکہ امریکا اور برطانیہ ان ممالک میں شامل ہیں جہاں ڈیٹا پیکج انتہائی مہنگا ہےبرطانوی ویب سائٹ کی جانب سے مختلف ملکوں میں فراہم کیے جا رہے ڈیٹا پیکج کا تقابلی جائزہ لیا گیا جس میں انکشاف ہوا کہ بھارت دنیا میں سب سے سستا موبائل انٹرنیٹ پیکج فراہم کر رہا ہےمزید پڑھیں موبائل انٹرنیٹ ڈان لوڈ اسپیڈ میں پاکستان کا کونسا نمبربھارت میں ایک جی بی موبائل ڈیٹا 026 ڈالر کا ہے جبکہ برطانیہ میں ایک جی بی کے عوض 666ڈا…
U022,3,19428,C,B,internet speed pakistan mein slow kyun rehti hai aur isko kaise behtar kiya ja sakta hai,لاک ڈان کے دوران ملک میں انٹرنیٹ کے استعمال میں 25 فیصد اضافہ,کورونا وائرس کی وبا کے باعث رواں برس مارچ سے ملک بھر میں نافذ کیے گئے لاک ڈان سے جہاں کئی طرح کے کاروبار میں نمایاں کمی دیکھی گئی وہیں حیران کن طور پر انٹرنیٹ کے زیادہ استعمال سے کمائی میں اضافہ بھی دیکھا گیاڈان اخبار میں شائع رپورٹ کے مطابق ٹیلی کام سیکٹر میں انفرا اسٹرکچر کی خدمات فراہم کرنے والی ملٹی نیشنل کمپنی اڈوٹکو کے مطابق لاک ڈان کے دوران پاکستان بھر میں انٹرنیٹ کے استعمال میں 25 فیصد اضافہ ریکارڈ کیا گیاایڈوکو پاکستان کے منیجنگ ڈائریکٹر ایم ڈی عارف حسین نے میڈیا سے بات کرتے ہوئے بتایا…
U022,4,60206,B,A,internet speed pakistan mein slow kyun rehti hai aur isko kaise behtar kiya ja sakta hai,گوگل نے سست انٹرنیٹ کی رفتار بڑھانے والا سافٹ ویئر بنالیا,کیلیفورنیا 24 جولائی 2017 سست رفتار انٹرنیٹ سے تنگ صارفین کی پریشانی دور کرنے کیلئے گوگل میدان میں اگیا ہے گوگل نے ایسا سافٹ ویئر بنالیا ہے جو انٹرنیٹ کی رفتار کو تیز کردے گا سست رفتار انٹرنیٹ سے تنگ افراد کی تنگی اب دور ہونے کو ہے گوگل نے انٹرنیٹ کی رفتار تیز کرنے کیلئے سافٹ ویئر بنالیا ہے گوگل کے اس نئے سافٹ ویئر کا نام بی بی ہے اور دنیا بھر میں انٹرنیٹ کی سپیڈ بڑھانے کے حوالے سے اس سے بھاری توقعات کی جا رہی ہیں اس سے قبل گوگل کی جانب سے کوئک پروٹوکول بھی متعارف کیا جاچکا ہے جبکہ گوگل کروم بر…
U023,1,12489,B,A,فلم انڈسٹری پاکستان میں کیوں ترقی نہیں کر پا رہی اور اس کی کیا وجہ ہے,بحالی فلم انڈسٹری کی یا سنیما گھروں کی,اس بڑی عید پر تین پاکستانی اور دو ہندوستانی فلمیں ریلیز ہوئیں جنہیں دیکھنے کے لیے سنیما گھروں میں لوگوں کا کھڑکی توڑ رش رہا میڈیا میں انے والی اطلاعات کے مطابق عید پر لوگوں کی بہت بڑی تعداد نے تینوں پاکستانی فلموں کو خوب سراہا 2007 سے کہا جا رہا ہے کہ پاکستان کی فلم انڈسٹری ایک بار پھر سے بحال ہو رہی ہے اور اس کی وجہ سنیما ہالز میں عیدین کے علاوہ نمائش کے لیے پیش کی جانے والی پاکستانی فلمیں ہیں جنہیں دیکھنے کے لیے لوگوں کی ایک بہت بڑی تعداد سنیما گھروں کا رخ کرتی ہےمگر سوال یہ ہے کہ کیا پاکستان…
U023,3,99314,B,A,فلم انڈسٹری پاکستان میں کیوں ترقی نہیں کر پا رہی اور اس کی کیا وجہ ہے,بجٹ 192018 فلم انڈسٹری کی بحالی کے لیے نکاتی پیکیج کا اعلان,وفاقی بجٹ 192018 میں فلم انڈسٹری کی بحالی کے لیے نکاتی پیکیج کا اعلان کیا گیا ہےوفاقی وزیر خزانہ مفتاح اسماعیل کا بجٹ پیش کرتے ہوئے کہنا تھا کہ پاکستان کی فلم انڈسٹری جو کہ 60 کی دہائی میں دنیا کی تیسری بڑی انڈسٹری تھی حکومت اس کے لیے مالی پیکیج کا اعلان کر رہی ہےانہوں نے کہا کہ اس پیکیج کا مقصد فلم انڈسٹری کی ترقی کے لیے سازگار ماحول روزگار کے نئے مواقع پیدا کرنا اور پاکستانی کلچر کو فروغ دینا ہے جب کہ اس پیکیج کی بنیادی خصوصیات یہ ہیںبجٹ کےبغیر حکومت ایک دن بھی نہیں چل سکتی اس کے بغیر حکومت ن…
U024,2,11597,B,C,drama industry mein original stories kam kyun banti hain aur audience kya chahti hai,یاسر حسین کا تحریر کردہ پہلا ڈرامہ شادی,اپنے مداحوں کو کراچی سے لاہور اور ہو من جہاں جیسی فلموں کی مزاحیہ کہانی سے محظوظ کرنے والے پاکستانی اداکار اور لکھاری یاسر حسین نے ایک ٹی وی ڈرامے کے لیے اسکرپٹ لکھا ہے جو شادی پر مبنی ہےاس ڈرامے کا نام بھی شادی رکھا گیا ہے جبکہ نام سے اس ڈرامے کی کہانی ان ہی عام ڈراموں جیسی لگ رہی ہے جو عموما ٹی وی نشر کیے جارہے ہوتے یاسر حسین نے ڈان امیجز سے بات کرتے ہوئے اس ڈرامے میں اپنے کردار کے حوالے سے بتایا کہ یہ ڈرامہ ایک ایسے لڑکے کے بارے میں ہے جس کی والدہ اس کی شادی اپنی پسند کی لڑکی سے کروانا چاہتی…
U024,4,12201,C,D,drama industry mein original stories kam kyun banti hain aur audience kya chahti hai,ذاتی زندگی کو سوشل میڈیا سے دور رکھتی ہوں,پاکستانی اداکارہ صنم سعید کے لیے یہ سال نہایت کامیاب ثابت ہورہا ہےوہ 2016 میں فلموں کا حصہ بن چکی ہیں جن میں بچانا ماہ میر رحم اور دوبارہ پھر سے شامل ہیںان تمام فلموں میں اب تک صنم سعید نے کافی منفرد کردار ادا کیےڈان نے صنم سعید سے دوبارہ پھر سے اور ان کے دیگر پراجیکٹس کے حوالے سے بات کیڈان صنم امریکا میں کیا کررہی ہیںصنم سعید میں یہاں اپنی دوست ذوئی ویکاجی کے ساتھ چھٹیاں منانے ئی ہوںڈان کی فلم دوبارہ پھر سے کی پروموشنز کیسی چل رہی ہیںصنم سعید پروموشنز انسان کو پاگل بنا سکتی ہیں کسی بھی اداکار …
U024,5,14814,C,D,drama industry mein original stories kam kyun banti hain aur audience kya chahti hai,انڈیا میں ایسا کچھ نہیں کیا جو پاکستان میں نہیں ہوتا,وی جے سے اداکاری کے میدان میں قدم رکھنے والی ماورا حسین بولی وڈ میں اپنے ایک فوٹو شوٹ کی وجہ سے تنازع کا شکار ہو گئیںحال ہی میں سامنے انے والی اس تصویر میں ماورا پاکستان میں اپنے کرداروں سے بالکل مختلف ایک سرخ رنگ کے لباس میں نظر رہی ہیںاس تصویر کی وجہ سے انہیں مثبت کے ساتھ ساتھ منفی تنقید کا بھی سامنا ہے ماورا نے ڈان سے گفتگو میں اپنے حالیہ دورہ ممبئی کے بارے میں بتایا کہ بولی وڈ پاکستانی میڈیا انڈسٹری سے کافی مختلف ہے اور ایک اداکار ہونے کی حیثیت سے وہ بولی وڈ میں نئے اور منفرد کردار کرنا چاہ…
U025,1,21080,C,B,کراچی میں روزانہ ٹریفک جام کم کرنے کے لیے کیا اقدامات کیے جا سکتے ہیں,ٹریفک جام سے نجات کے لیے ارب پتی شخص کا منفرد حل,انسان چاہے امیر ہو یا غریب ٹریفک جام ایسا مسئلہ ہے جو سب کو پریشان کرتا ہے مگر اس سے نجات پانے کی کوشش بہت کم لوگ کرتے ہیں ایسا ہی کچھ لگ بھگ سال قبل ایک ارب پتی شخص کے ساتھ بھی ہوا مگر خاموش رہنے کی بجائے اس نے اس کا بالکل منفرد حل پیش کیا اور اب اس پر عملدرمد بھی کرلیاٹیسلا اور اسپیس ایکس کے بانی ایلون مسک کا نام حیرت انگیز منصوبوں کے لیے نیا نہیں اور لاس اینجلس کے ٹریفک سے تنگ کر انہوں نے زیرزمین سرنگ کا حل پیش کیا تھا اور سال میں اسے مکمل بھی کرلیاغاز میں تو ایلون مسک کا سرنگ کے ذریعے اپنے …
U025,2,21245,C,B,کراچی میں روزانہ ٹریفک جام کم کرنے کے لیے کیا اقدامات کیے جا سکتے ہیں,ٹریفک جام سے پریشان ارب پتی نے اس کا حل ڈھونڈ نکالا,انسان چاہے امیر ہو یا غریب ٹریفک جام ایک ایسا مسئلہ ہے جو سب کو پریشان کرتا ہے مگر اس سے نجات پانے کی کوشش بہت کم لوگ کرتے ہیں اور اس مشکل سے تنگ کر ایک ارب پتی شخص نے اس کا منفرد حل نکال لیا ہےمعروف کمپنیوں اسپیس ایکس ٹیسلا اور پے پال کے بانی ایلون مسک طویل عرصے سے امریکی شہر لاس اینجلس کے ٹریفک جام کے مسئلے سے پریشان تھے اور اس کا حل انہوں نے گزشتہ سال سرنگوں کی شکل میں پیش کیا تھامزید پڑھیں ٹریفک جام سے چھٹکارے کے لیے گوگل کی نئی کوششاس مقصد کے لیے انہوں نے بورنگ کمپنی کو قائم کیا اور اب پہل…
U025,4,13465,C,B,کراچی میں روزانہ ٹریفک جام کم کرنے کے لیے کیا اقدامات کیے جا سکتے ہیں,وی ئی پی کلچر پر طنز ایک نئے انداز میں,ہم میں سے ہر ایک کبھی نہ کبھی وی ئی پی پروٹوکول کلچر کی وجہ سے ٹریفک جام کا شکار ضرور ہوا ہے یا کسی تقریب میں وی ئی پی کی مد پر عام عوام کو پیچھے دھکیلنے یا سائیڈ پر لگانے کے مناظر بھی سب نے ہی دیکھ رکھے ہوں گےحال ہی میں کراچی کے سول ہسپتال میں ٹراما سینٹر کے افتتاح کے لیے نے والے چیئرمین پاکستان پیپلز پارٹی بلاول بھٹو زرداری کے پروٹوکول کے باعث ایک بچی کی ہلاکت بھی سب کو ہی یاد ہوگی جس نے لوگوں کو وی ئی پی کلچر کے خلاف احتجاج پر مجبور کردیا تھاوی ئی پی کلچر کے خلاف احتجاج کے لیے دھرنا بھی دے س…
U025,5,43979,C,A,کراچی میں روزانہ ٹریفک جام کم کرنے کے لیے کیا اقدامات کیے جا سکتے ہیں,کراچی پی ایس ایل فائنل کیلئے ٹریفک انتظامات بھی مکمل,کراچی 92 نیوز کراچی میں پی ایس ایل فائنل کیلئے ٹریفک پولیس نے بھی انتظامات مکمل کر لئے کرکٹ کے دیوانوں کیلئے پانچ مقامات سے شٹل سروس چلائی جائے گی پلاننگ کے مطابق ایک ہزار 600 اہلکار ذمہ داریاں سنبھالیں گے پہلا ڈائی ورژن کارساز روڈ کا ٹرننگ پوائنٹ ہو گا جہاں عام ٹریفک کا داخلہ بالکل بھی نہیں ہو سکے گا صرف شٹل سروس کے ذریعے اسٹیڈیم تک جانے کی اجازت ہو گی یونیورسٹی روڈ سے دائیں جانب جانے اسٹیڈیم والا ٹریک بھی روزانہ کیطرح استعمال نہیں ہو سکے گا گاڑیوں کو گلشن اقبال اور لیاقت باد 10 کی طرف موڑ دیا…
U027,1,70055,B,A,بجلی کے بحران کی وجہ سے چھوٹی صنعتوں کو کیا نقصان ہو رہا ہے,وزیراعظم عمران خان کا چھوٹی صنعتوں کے لیے پیکج کا اعلان,اسلام اباد وزیراعظم عمران خان نے چھوٹی صنعتوں کے لیے پیکج کا اعلان کردیاوزیراعظم عمران خان نے چھوٹی صنعتوں کے لیے پیکج کا اعلان کرتے ہوئے کہا کہ یکم نومبر 2020 سے چھوٹی صنعتوں کو اضافی بجلی 50 فیصد کم ریٹ پر دیں گے یکم نومبر سے چھوٹی اور درمیانی صنعتوں کو بجلی نومبر 2019 کے ریٹ سے 50 فیصدکم پر دیں گےانہوں نے کہا کہ تمام صنعتوں کو اگلے تین سال تک 25 فیصد کم ریٹ پر بجلی فراہم کی جائے گی اور کوئی پیک وور نہیں ہوگاعمران خان کا کہنا تھا کہ گاڑیوں کی سیل بڑھ گئی ہے اور تعمیراتی صنعت اگے بڑھ رہی ہے جس…
U027,2,78073,B,A,بجلی کے بحران کی وجہ سے چھوٹی صنعتوں کو کیا نقصان ہو رہا ہے,توانائی بحران نے ٹیکسٹائل کی صنعت کو تباہی کے دہانے پر پہنچا دیا,کراچیتوانائی بحران نے ٹیکسٹائل کی صنعت کو تباہی کے دہانے پر پہنچا دیا ہے ملوں کی پیداواری صلاحیت صرف 30 فیصد تک محدود ہوکر رہ گئی ہےٹیکسٹائل ملز ایسوسی ایشن کے مطابق پنجاب میں یومیہ گھنٹے بجلی کی لوڈشیڈنگ نے صنعتوں کی پیداوار کو شدید متاثر کیا ہےصنعتکاروں نے الزام لگایا ہے کہ بجلی کی ترسیلی کمپنیوں کی غلط حکمت عملی سے ملک کی ٹیکسٹائل ملوں کو نقصان اٹھانا پڑ رہا ہےایسوسی ایشن کا کہنا ہے کہ ٹیکسٹائل کا شعبہ نا صرف برمدات میں اہم کردار ادا کر ہا ہے بلکہ ملازمتوں کے بھی مواقع فراہم کرتا ہے اور صنعت…
U027,3,79002,B,A,بجلی کے بحران کی وجہ سے چھوٹی صنعتوں کو کیا نقصان ہو رہا ہے,توانائی کی قلت صنعتی پیداوار کم ہورہی ہے مرکزی بینک,کراچی اسٹیٹ بینک نے موجودہ مالی سال کا دوسرا سہ ماہی جائزہ جاری کردیا ہے جس میں بتایا گیا ہے کہ کیمیائی کھاد کی قیمتوں میں اضافے کی وجہ سے کسانوں کی مدنی کم ہورہی ہے اور بجلی کا بحران صنعتوں کی پیداوار کم کرنے کا سبب ہے اسٹیٹ بینک کے جاری کردہ سہ ماہی جائزے میں بتایا گیا ہے کہ زرعی اجناس کی قیمتوں میں کمی ہوئی ہے اور دوسری طرف کیمیائی کھاد کی قیمت میں تیزی سے اضافہ ہوا ہے جس سے خدشہ ہے کہ موجودہ مالی سال کے دوران کاشت کاروں کی مدنی گزشتہ سال سے کم رہنے کا خدشہ ہے اسی طرح چھوٹی فصلوں کی کم کاشت …
U027,4,62776,B,A,بجلی کے بحران کی وجہ سے چھوٹی صنعتوں کو کیا نقصان ہو رہا ہے,کراچیبارش اور بجلی کی عدم فراہمی کے باعث صنعتوں کا پیداواری عمل متاثر,کراچی میں بارشوں اور بجلی کی عدم فراہمی کے باعث صنعتوں کا پیداواری عمل بری طرح متاثر ہو رہا ہے جس سے معیشت کو اربوں روپے کے نقصان کا اندیشہ ہے کراچی میں جاری بارشوں اور بجلی کے تعطل کے باعث کراچی کے صنعتی علاقوں کورنگی اور سائٹ ایریا میں پیداواری عمل بری طرح متاثر ہورہا ہے جس کی وجہ سے کارخانوں میں حاضری چالیس فیصد سے کم رہی اس وقت سائٹ اور کورنگی میں تقریبا چھوٹے بڑے بیس ہزار کارخانے ہیں جس میں سےپچاس فیصد حصہ بجلی سے محروم ہوگیا ہے جبکہ چالیس فیصد پیداواری عملی بھی متاثرہوا ہے برساتی نالوں می…
U027,5,78767,C,A,بجلی کے بحران کی وجہ سے چھوٹی صنعتوں کو کیا نقصان ہو رہا ہے,پاکستان میں توانائی کا بحران معیشت کو نقصان پہنچا رہا ہے عالمی بینک,اسلام باد عالمی بینک کی رپورٹ کے مطابق گزشتہ دو سال میں بجلی کی قیمت میں 75 فی صد اضافہ کیا گیا ہے اور توانائی کے بحران کی بنیادی وجہ بجلی چوروں کے خلاف بے بسی ہے اسلام باد سے جاری ہونے والی پاکستان کے لیے عالمی بینک رپورٹ برائے کارکردگی کے مطابق پا نی سے بجلی کی تیاری کی گنجائش 40 ہزار میگا واٹ ہے اور صرف ساڑھے چھ ہزار میگا واٹ بجلی بنائی جاتی ہے پانی سے بجلی تیاری گنجائش کا صرف 15 فی صد ہے جبکہ 85 فی صد گنجائش استعمال نہیں ہوتی رپورٹ کے مطابق توانائی کا بحران معیشت کو فی صد سالانہ نقصان کا با…
U031,3,11017,C,D,شاہ رخ خان نئی فلم,شاہ رخ نے سلمان خان کو مرسڈیز گاڑی کا تحفہ کیوں دیا,وہ دن اب گزر گئے جب بولی وڈ میں حریف سمجھے جانے والے شاہ رخ خان اور سلمان خان تقاریب میں ایک دوسرے کو نظرانداز کردیتے تھے اب تو ایسا لگتا ہے کہ وہ بہترین دوست بن چکے ہیںاور ایسا کہنے کی بھی ایک وجہ ہے اور وہ یہ کہ شاہ رخ خان نے سلمان خان کو ایک نئی مرسڈیز گاڑی کا تحفہ دیا ہےجی ہاں واقعی مگر سوال یہ ہے کنگ خان نے دبنگ خان کو یہ تحفہ کیوں دیاہندوستان ٹائمز کی ایک رپورٹ کے مطابق لوگوں کو یاد ہوگا کہ شاہ رخ خان نے حال ہی میں ریلیز ہونے والی سلمان خان کی فلم ٹیوب لائٹ میں ایک مختصر کردار ادا کیا تھا…
U033,2,61880,B,A,عمران خان کے تازہ سیاسی بیانات,شریف برادران کے ٹیکس ریکارڈ میں کوئی ردوبدل نہیں کیا گیا ایف بی,فیڈرل بورڈ ریونیو نے وزیراعظم نوازشریف اور ان کے خاندان کے ٹیکس ریکارڈ میں ردوبدل سے متعلق عمران خان کے الزامات مسترد کر دیئے ایف بی کا کہنا ہے کہ ایسے الزامات بے بنیاد اور قیاس رائی پر مبنی ہیں تحریک انصاف کے چیئرمین عمران خان کی جانب سے وزیراعظم اور ان کے خاندان کے ٹیکس ریکارڈ میں ردوبدل کے تمام الزامات کو ایف بی نےمسترد کردیا ترجمان کے مطابق ایف بی کا ٹیکس ریکارڈ مرتب اور اپ ڈیٹ کرنے کا فول پروف نظام موجود ہے کوئی بھی شخص ریکارڈ تک رسائی اور ردو بدل کر سکتا ہے نہ ہی کسی شخص کا ٹیکس ریکارڈ کس…
U035,1,7680,C,B,نادیہ خان کے شو میں کون آیا,نادیہ خان کی کئی برس بعد میزبانی کے شعبے میں واپسی,اگر تو نادیہ خان کے پرستار ہیں تو ان کے نئے انداز کے لیے تیار ہوجائیںنادیہ خان کو غاز میں شہرت مختلف ڈراموں جیسے بندھن سے ملی مگر اسکرین ہنس مکھ اور شوخ شخصیت کے طور پر مارننگ شو ہوسٹ کی حیثیت سے اپنی پہچان بنانے والی اداکارہ کو مارننگ شو میزبان کے طور پر زیادہ جانا گیاتاہم 17 سال بعد 2017 میں انہوں نے ٹی وی ڈراموں میں واپسی کی مگر اب ایک بار پھر اپنے شعبے یعنی میزبانی کی جانب چلی گئی ہیںاس بار نادیہ خان بول انٹرٹینمنٹ کے لیے ایک گیم شو کروڑوں میں کھیل کی میزبانی کررہی ہیںمزید پڑھیں 17 سال پہلے…
U035,2,103405,C,B,نادیہ خان کے شو میں کون آیا,انتظار ختم مارننگ شو کوئین نادیہ خان کل سے پھر جیو پر,کراچی مزیدار باتوں کیلئے ہوجائیں تیار ختم ہونے والا ہے انتظار کل صبح نو بجے سےسجے گا ایک نیا پروگرام جیو پر اپ کی پسندیدہ میزبان اگئی ہیں پھر سے نادیہ خان سامنے ہوں گے اپ کے فیورٹ مہمان مارننگ شو کوئین نادیہ خان ایک بار پھرجیو کی اسکرین پر جلوے بکھیرنے والی ہیں اور دنیا بھر میں پھیلے جیو کے ناظرین کو شدت سے انتظار ہے کہ اس بار نادیہ خان کس نئے رنگ میں میدان مارنے ارہی ہیں کل سے مارننگ شو کوئین نادیہ خان اپنا جگمگاتا شو لے کر ارہی ہیں جیو کی اسکرین پر مارننگ شو کوین کی واپسی کس انداز میں ہوگی ما…
U035,3,103421,C,B,نادیہ خان کے شو میں کون آیا,جیو کی اسکرین پر مارننگ شو کوئین کی واپسی,کراچی جیو کی اسکرین پر مارننگ شو کوین واپسی کے لئے تیار ہیں نادیہ خان شو کا اغاز نومبر سے ہر صبح بجے ہو گا مارننگ شوز کی بے تاج ملکہ سالوں کے وقفے کے بعد ایک بار پھر نئے انداز میں جیو سے نئے انداز میں جلوہ گر ہورہی ہے برجستہ اور طنزو مزاح سے بھرپور گفتگو کے سبب بے پناہ شہرت حاصل کرنے والی نایہ خان کا شمار ملک میں مارننگ شوز کی میزبانوں میں ہوتا ہےہر قسم کے موضوع پر بات کرنے کی اہلیت نادیہ کی ایک اور خوبی ہے جنہیں اپنے منفرد اور مخصوص انداز میں سیلیبریٹی انٹرویوز کے لئے بھی مقبولیت حاصل ہے ایک ع…
U036,1,59705,C,B,nasa mars mission kab launch hoga,ناسا کے مارس رور اپرچونٹی نے کام کرنا بند کردیا,واشنگٹن14 جنوری 2019 امریکی خلائی تحقیقی ادارے ناسا کے مارس رور اپرچونٹی نے کام کرنا بند کردیا ہےادارے نے اسے ناکارہ قرار دے دیاہے تفصیلات کے مطابق امریکی خلائی تحقیقی ادارے ناسا کے مارس رور اپرچونٹی نے کام کرنا بند کردیا ہے امریکی ٹی وی کے مطابق مارس روور اپرچونٹی سرخ سیارے مریخ پر پندرہ سال پہلے دوہزار چار کو صرف چار ماہ کے مشن پر بھیجا گیا تھالیکن اس نے برسوں تک مشن جاری رکھا مارد رور اپر چیونٹی نے ناسا کو زمین پر بہت اہم معلومات اور تصاویر بھیجیںپندرہ سال کے بعد ناسا حکام نے اسے ناکارہ قرار…
U036,2,79977,B,A,nasa mars mission kab launch hoga,ناسا ٹیم کی مارس 2020 روور کی تیاری کے موقع پر سیلفی,مریخ کی سطح پر دوڑنے کے لیے تیار ہونے والی گاڑی مارس 2020 روور اپنی تیاری کے خری مراحل میں ہے اور اس مرحلے کو ناسا بلڈ اٹ لائیو سے براہ راست بھی دیکھا جا سکتا تھا اس گاڑی کی تیاری میں مشغول ٹیم اپنے کام پر بہت فخر محسوس کررہی ہے اور اس میں حق بجانب بھی ہیںجب ہر شعبے میں کام کرنے والے اپنے اپنے کام کی سیلفی بنا رہے ہوتے ہیں تو پھر ناسا کی ٹیم پیچھے کیسے رہ سکتی ہے ناسا ٹیم کی اتنی محنت کے بعد اب اس کی شکل اس حد تک نکل ئی کہ کہا جاسکتا ہے کہ یہ مشین مریخ پر چلنے کے لیے بہترین رہے گی ناسا نے اپنی …
U036,5,59604,A,B,nasa mars mission kab launch hoga,اب ناسا ویب سائٹ کے ذریعے اپنا نام مریخ پربھیجیں,ویب ڈیسک 24 مئی 2019 اگرچہ انسان کی مریخ تک رسائی کا مرحلہ ابھی بہت دور ہے لیکن ناسا کی ویب سائٹ پرجاکر اپ اپنا نام مریخ پر ضرور بھیج سکتے ہیں اوریہ نام ایک مائیکروچپ میں ڈجیٹل فارمیٹ کی صورت میں محفوظ ہوجائے گا مارس 2020 روور نامی خلائی گاڑی اگلے برس جولائی میں لانچ کی جائے گی اور سب کچھ بہتر ہونے کی صورت میں فروری 2021 میں یہ خلائی جہاز سرخ سیارے پر اترے گا اس مشن میں عوامی دلچسپی پیدا کرنے کے لیے ناسا نے پوری دنیا کے لوگوں کو دعوت دی ہے کہ وہ اپنا نام اس مائیکروچپ میں لکھوائیں جو اس خلائی جہ…
U037,4,80491,C,B,بابر اعظم کی PSL میں کارکردگی کیسی رہی,ہر روز بابر اعظم اسکور نہیں کرے گا,پاکستان کرکٹ ٹیم کے کپتان بابر اعظم کا کہنا ہے کہ اسکواڈ دورہ نیوزی لینڈ کے لیے پرجوش ہے پر اعتماد ہیں کہ نیوزی لینڈ میں کارکردگی اچھی ہو گی رنز صرف بابر اعظم نے نہیں کرنےقومی اسکواڈ 23 نومبر کی صبح نیوزی لینڈ کے لیے روانہ ہو گا اسکواڈ 35 کھلاڑیوں اور 20 فیشلز پر مشتمل ہے اسکواڈ میں پاکستان شاہینز کے بھی کھلاڑی اور فیشلز بھی شامل ہیںقذافی اسٹیڈیم لاہور میں پریس کانفرنس کرتے ہوئے بابر اعظم کا کہنا تھا کہ پاکستان ٹیم بیک ٹو بیک سیریز کھیل رہی ہے دورہ انگلینڈ کے بعد زمبابوے کے خلاف سیریز اور پھر پ…
U037,5,24706,C,B,بابر اعظم کی PSL میں کارکردگی کیسی رہی,بابر اعظم کو اس کا حق دیجیے اور فیب فائیو میں اسے شامل کیجیے,یہ ہر کھیل کی خاصیت ہے کہ اس میں کسی خاص دور میں بہترین کارکردگی دکھانے والے کھلاڑیوں کو ایک الگ مقام حاصل ہوتا ہے اور ایسا ہی کچھ کرکٹ کے کھیل میں بھی ہوتا رہا ہے 80ء کی دہائی کے دوران دنیائے کرکٹ پر رانڈرز چھائے ہوئے تھے اور انہیں ایک خاص مقام حاصل تھا اگر انگلینڈ کے پاس ای این بوتھم تھے تو نیوزی لینڈ کے پاس رچرڈ ہیڈلی تھے انڈیا کے پاس کپیل دیو اور پاکستان کے پاس عمران خان موجود تھے چاروں بہترین فاسٹ بالر ہونے کے ساتھ ساتھ عمدہ بیٹسمین بھی تھے چاروں سیدھے ہاتھ کے فاسٹ بالر تھے لیکن اس کے باوج…
U038,1,10081,C,D,نرگس فخری کی Hollywood فلم کون سی ہے,نرگس فخری کی شادی کی افواہیں,یہ بھی پڑھیں نرگس فخری پاکستان میں کام کی خواہشمندمزید پڑھیں متنازع اشتہار پر نرگس فخری کا جواب گیایہ بھی پڑھیں نرگس فخری پاکستان کی حامیبولی وڈ کی خوبرو اداکارہ نرگس فخری اگرچہ ان دنوں فلموں میں نظر نہیں رہیں تاہم وہ مسلسل شوبز اور فیشن خبر رساں اداروں کی خبروں کی زینت بنی ہوئی ہیںماڈل سے اداکاری میں خود کو منوانے والی نرگس فخری کی اخری فلم 2016 میں بینجو ریلیز ہوئی تھی جب کہ ائندہ ماہ ان کی فلم ویڈنگز ریلیز کیے جانے کا امکان ہےتاہم نرگس فخری سے متعلق تازہ خبر یہ ہے کہ اداکارہ نے بولی وڈ فلم پ…
U038,2,12417,C,D,نرگس فخری کی Hollywood فلم کون سی ہے,نرگس فخری کی 12 سال پرانی ویڈیو سوشل میڈیا پر وائرل,امریکا میں ماڈلنگ سے سامنے انے والی اداکارہ نرگس فخری نے ویسے تو شہرت 2011 میں فلم راک اسٹار سے حاصل کی تاہم انہیں نے امریکا میں اپنے کیریئر کا اغاز 2004 میں ہی کردیا تھااداکار کی ایک ویڈیو سوشل میڈیا پر وائرل ہے جس میں وہ امریکا نیکسٹ ٹاپ ماڈل کے لیے اڈیشن دے رہی ہیںاس ویڈیو کی سوشل میڈیا پر کافی چرچا ہے کیوں کہ نرگس فخری اپنے کیریئر کے اغاز میں اج کے مقابلے میں کافی مختلف نظر ارہی ہیںویڈیو میں دکھایا گیا کہ 24 سالہ نرگس فخری اڈیشن دیتے وقت کافی نروس تھیں اور اس دوران انہوں نے بہت سی غلطیاں کی…
U038,3,69964,C,D,نرگس فخری کی Hollywood فلم کون سی ہے,نرگس فخری ہوگئیں 35 برس کی,بالی وڈ اداکارہ نرگس فخری پینتس واں جنم دن منا رہی ہیں رومانوی فلموں سے شہرت پانے والی نرگس فخری نے دو ہزار گیارہ میں راک اسٹار سے فلمی دنیا میں قدم رکھا میں تیرا ہیرو پھٹاپوسٹر نکلا ہیرو کک اور مدراس کیفے میں بھی نرگس فخری نے اپنی اداکاری کے جوہر دکھائے نرگس نے اسٹار ڈسٹ ایوارڈاور ٹائمز انڈیا فلم ایوارڈز بھی اپنے نام کیے امریکہ کی صف اول کی ماڈلز میں نرگس فخری اپنی ایک الگ پہچان رکھتی ہیں
U039,1,98290,C,B,حریم شاہ کی YouTube ویڈیو کہاں دیکھی جائے,دفتر خارجہ میں متنازع ویڈیو حریم شاہ نے معافی مانگ لی,ٹک ٹاک اسٹار حریم شاہ نے وزیر خارجہ کے دفتر میں بنائی گئی متنازعویڈیو پر معذرت کر لییاد رہے کہ چند روز قبل حریم شاہ کی دفتر خارجہ میں بنائی گئی ایک ٹک ٹاک ویڈیو بالی وڈ گانے کے بیک گرانڈ کے ساتھ وائرل ہوئی تھی جس پر سوالات اٹھے کہ انہیں دفتر خارجہ جیسے اہم سرکاری دفتر میں داخل ہونے اور ویڈیو بنانے کی اجازت کس نے دی حریم شاہ نے جیو نیوز کے مارننگ شو جیو پاکستان میں شرکت کی اور دفتر خارجہ میں اپنی موجودگی سے متعلق تفصیلات بتائیںاس پر اب حریم شاہ نے معافی مانگتے ہوئے ٹوئٹرپر ایک ویڈیو شیئر کی ہے ج…
U039,2,98120,C,B,حریم شاہ کی YouTube ویڈیو کہاں دیکھی جائے,حریم شاہ سے قومی کرکٹر بھی محفوظ نہ رہے,ٹک ٹاک سے مقبولیت حاصل کرنے والی حریم شاہ نے سیاسی رہنماں اور متعدد شخصیات کے بعد اب قومی کرکٹ ٹیم کے ایک اہم کھلاڑی کی ویڈیو بھی لیک کر دیحریم شاہ نے مائیکرو بلاگنگ سائٹ ٹوئٹر کے ذریعے قومی ٹیم کے نوجوان فاسٹ بولر شاہین شاہ افریدی کی ایک ویڈیو لیک کیٹک ٹاک اسٹار حریم شاہ نے ویڈیو شیئر کرنے کے ساتھ کیپشن کے ذریعے وضاحت کی کہ اپ میں سے بہت سے لوگ اس بات کو نہیں جانتے ہوں گے میں نے ہی کچھ ماہ قبل کرکٹر شاہین شاہ افریدی کو ایکسپوز کیا تھاحریم شاہ نے قومی کرکٹر پر الزام لگاتے ہوئے مزید کہا کہ جناب …
U039,3,5585,C,B,حریم شاہ کی YouTube ویڈیو کہاں دیکھی جائے,پاکستانی مردوں نے گالیاں دیں دھکے دیے اور کچھ نے تو مارا بھی,سماجی رابطوں کی ایپ ٹک ٹاک پر ویڈیوز بناکر مقبول ہونے والی حریم شاہ نے کچھ روز قبل ایک ویڈیو شیئر کرکے بتایا تھا کہ انہیں ایک ایونٹ کے دوران جنسی طور پر ہراساں کیا گیا اور اب انہوں نے ایک اور ویڈیو شیئر کردی جس میں وہ دبئی کے ایک مال میں موجود ہیںحریم شاہ نے سماجی رابطے کی ویب سائٹ ٹوئٹر پر ایک ویڈیو شیئر کی جس میں انہوں نے بتایا کہ انہیں دبئی کے ایک مال کی افتتاحی تقریب میں مہمان کے طور پر مدعو کیا گیا تھاسوشل میڈیا اسٹار کی اس ویڈیو میں ان کے ارد گرد بڑی تعداد میں مرد موجود ہیں جو ایک دوسرے ک…
U039,4,97885,C,B,حریم شاہ کی YouTube ویڈیو کہاں دیکھی جائے,حریم شاہ نے ڈونلڈ ٹرمپ سے اپنی خواہش کا اظہار کردیا,پاکستان کی متعدد سیاسی شخصیات کے ساتھ ٹک ٹاک ویڈیوز بنانے والی ٹک ٹاک اسٹار حریم شاہ اب بین الاقوامی سیاسی رہنماں کے ساتھ بھی ٹک ٹاک ویڈیو بنانا چاہتی ہیںہمیشہ تنقید کی زد میں رہنے والی ٹک ٹاک اسٹار حریم شاہ کی گزشتہ برس دفتر خارجہ میں ٹک ٹاک ویڈیو بنانے پر تنازع کھڑا ہوا تھا اس کے بعد کبھی سیاسی شخصیت اور کبھی کرکٹرز سے متعلق ان کی ٹوئٹس سامنے اتی رہتی ہیںاب حریم شاہ کی حالیہ ٹوئٹ کے مطابق انہوں نے امریکی صدر ڈونلڈ ٹرمپ کے ساتھ ویڈیو بنانے کی خواہش ظاہر کی ہےٹک ٹاک اسٹار حریم شاہ کی جانب سے حا…
U039,5,4990,C,B,حریم شاہ کی YouTube ویڈیو کہاں دیکھی جائے,حریم شاہ امریکی صدر کے ساتھ ٹک ٹاک ویڈیوز بنانے کی خواہشمند,ویڈیو شیئرنگ ایپ ٹک ٹاک سے مشہور ہونے والی متنازع اسٹار حریم شاہ اب تک کئی نامور سیاست دانوں کے ساتھ ٹک ٹاک ویڈیوز بنا چکی ہیں تاہم اب انہوں نے امریکی صدر ڈونلڈ ٹرمپ کے ساتھ ویڈیو بنانے کی خواہش کا اظہار کردیاحریم شاہ نے سماجی رابطے کی ویب سائٹ ٹوئٹر پر ایک ٹوئٹ میں اس خواہش کا اظہار کیامزید پڑھیں ٹک ٹاک اسٹار حریم شاہ کو رمضان ٹرانسمیشن کی میزبانی کی پیشکشانہوں نے لکھا کہ ہیلو ڈونلڈ ٹرمپ میں ایک ٹک ٹاک اسٹار ہوں میرا تعلق پاکستان سے ہے کیا اپ میرے ساتھ ٹک ٹاک ویڈیو بنانے میں دلچسپی رکھتے ہیں ا…
